To industry / sector,,"D01T02: Agriculture, hunting, forestry",D03: Fishing and aquaculture,"D05T06: Mining and quarrying, energy producing products","D07T08: Mining and quarrying, non-energy producing products",D09: Mining support service activities,"D10T12: Food products, beverages and tobacco","D13T15: Textiles, textile products, leather and footwear",D16: Wood and products of wood and cork,D17T18: Paper products and printing,D19: Coke and refined petroleum products,D20: Chemical and chemical products,"D21: Pharmaceuticals, medicinal chemical and botanical products",D22: Rubber and plastics products,D23: Other non-metallic mineral products,D24: Basic metals,D25: Fabricated metal products,"D26: Computer, electronic and optical equipment",D27: Electrical equipment,"D28: Machinery and equipment, nec","D29: Motor vehicles, trailers and semi-trailers",D30: Other transport equipment,D31T33: Manufacturing nec; repair and installation of machinery and equipment,"D35: Electricity, gas, steam and air conditioning supply","D36T39: Water supply; sewerage, waste management and remediation activities",D41T43: Construction,D45T47: Wholesale and retail trade; repair of motor vehicles,D49: Land transport and transport via pipelines,D50: Water transport,D51: Air transport,D52: Warehousing and support activities for transportation,D53: Postal and courier activities,D55T56: Accommodation and food service activities,"D58T60: Publishing, audiovisual and broadcasting activities",D61: Telecommunications,D62T63: IT and other information services,D64T66: Financial and insurance activities,D68: Real estate activities,"D69T75: Professional, scientific and technical activities",D77T82: Administrative and support services,D84: Public administration and defence; compulsory social security,D85: Education,D86T88: Human health and social work activities,"D90T93: Arts, entertainment and recreation",D94T96: Other service activities,D97T98: Activities of households as employers; undifferentiated goods- and services-producing activities of households for own use,HFCE: Final consumption expenditure of households,NPISH: Final consumption expenditure of non-profit institutions serving households,GGFC: Final consumption expenditure of general government,GFCF: Gross Fixed Capital Formation,INVNT: Changes in inventories,CONS_ABR: Direct purchases abroad by residents (imports),CONS_NONRES: Direct purchases by non-residents (exports),EXPO: Exports (cross border),IMPO: Imports (cross border)
From industry / sector,,,,,,,,,,,,,,,,,,,,,,,,,,,,,,,,,,,,,,,,,,,,,,,,,,,,,,,
"TTL_01T02: Agriculture, hunting, forestry",,"236,868.600 ","7,606.500 ",343.400 ,162.100 ,31.400 ,"495,240.100 ","122,892.600 ","39,818.200 ","22,728.800 ",26.500 ,"21,767.600 ","47,774.700 ","16,440.400 ",422.400 ,221.300 ,419.400 ,32.300 ,58.500 ,291.100 ,46.000 ,15.700 ,"7,343.300 ",96.400 ,332.200 ,"28,696.400 ",514.600 ,"1,142.100 ",22.300 ,393.200 ,"10,361.500 ",47.300 ,"24,273.000 ",55.400 ,"1,678.600 ",9.600 ,10.800 ,274.200 ,"5,306.000 ","2,864.100 ",17.200 ,"2,584.400 ","1,105.600 ","6,569.000 ",880.100 ,0.000 ,"282,176.800 ",80.000 ,"40,867.600 ","52,971.800 ",82.700 ,971.600 ,605.200 ,"12,050.500 ","-71,159.500 "
TTL_03: Fishing and aquaculture,,"2,214.700 ","25,075.500 ",0.300 ,3.000 ,3.200 ,"53,202.500 ",527.600 ,343.600 ,295.700 ,1.500 ,"1,733.700 ",80.600 ,24.900 ,15.700 ,27.200 ,0.200 ,0.800 ,0.400 ,31.500 ,5.900 ,1.100 ,105.800 ,5.200 ,317.100 ,6.000 ,55.700 ,0.600 ,257.500 ,0.300 ,2.500 ,72.400 ,"22,988.400 ",7.600 ,146.700 ,0.200 ,0.900 ,0.100 ,"1,351.000 ",425.900 ,1.600 ,516.900 ,49.100 ,201.500 ,93.200 ,0.000 ,"49,235.700 ",5.600 ,9.600 ,9.900 ,5.600 ,77.500 ,41.000 ,"1,126.800 ","-2,035.700 "
"TTL_05T06: Mining and quarrying, energy producing products",,342.900 ,34.700 ,"47,754.100 ","2,168.200 ",375.800 ,"2,847.600 ","3,051.300 ",572.100 ,"4,150.200 ","294,945.200 ","66,611.900 ",448.300 ,"2,115.800 ","38,139.900 ","38,607.000 ","2,816.500 ",38.900 ,725.300 ,"2,903.500 ",685.200 ,308.600 ,817.600 ,"182,713.800 ","1,281.500 ","1,109.400 ",265.200 ,"4,670.900 ",246.200 ,133.500 ,92.800 ,85.700 ,676.300 ,56.500 ,503.400 ,"1,107.000 ",575.300 ,77.400 ,358.100 ,263.100 ,728.800 ,541.300 ,404.900 ,123.900 ,309.100 ,0.000 ,"4,846.000 ",0.300 ,12.500 ,28.100 ,-5.500 ,56.300 ,0.000 ,"3,174.500 ","-222,152.400 "
"TTL_07T08: Mining and quarrying, non-energy producing products",,22.000 ,3.300 ,"15,597.800 ","26,309.700 ",39.500 ,365.400 ,19.800 ,41.900 ,196.400 ,69.600 ,"20,805.100 ",396.700 ,638.100 ,"67,609.300 ","254,781.200 ","4,316.600 ",255.100 ,"1,892.800 ",847.300 ,193.000 ,34.200 ,458.300 ,404.000 ,368.700 ,"22,021.200 ",399.800 ,26.700 ,1.200 ,1.900 ,3.600 ,173.300 ,4.200 ,1.000 ,0.600 ,1.100 ,92.400 ,311.800 ,196.100 ,455.300 ,1.700 ,1.400 ,2.500 ,4.200 ,10.200 ,0.000 ,"1,159.500 ",0.000 ,4.100 ,9.400 ,11.300 ,22.400 ,0.000 ,"2,596.900 ","-135,559.800 "
TTL_09: Mining support service activities,,3.100 ,0.100 ,"20,519.300 ",540.600 ,69.700 ,324.500 ,1.700 ,0.700 ,1.000 ,4.900 ,8.800 ,0.600 ,2.600 ,4.700 ,14.800 ,1.600 ,2.500 ,2.200 ,2.600 ,1.200 ,0.400 ,0.600 ,132.600 ,0.300 ,7.200 ,1.500 ,1.500 ,0.200 ,0.100 ,0.300 ,0.100 ,0.400 ,0.100 ,0.300 ,0.400 ,0.400 ,0.300 ,1.400 ,0.600 ,0.400 ,0.300 ,0.400 ,0.100 ,0.200 ,0.000 ,3.900 ,0.000 ,3.100 ,4.500 ,9.800 ,5.200 ,0.000 ,398.600 ,-360.700 
"TTL_10T12: Food products, beverages and tobacco",,"172,463.700 ","18,592.000 ","2,695.800 ","2,436.600 ",12.300 ,"327,274.400 ","19,659.200 ","1,064.800 ","2,502.800 ","2,350.300 ","42,297.500 ","7,347.200 ","2,087.500 ","5,426.700 ","8,909.100 ","3,833.700 ","6,073.200 ","4,721.800 ","7,190.700 ","1,988.400 ",863.600 ,"1,666.300 ","3,483.800 ","2,699.900 ","9,866.600 ","8,483.600 ","4,948.300 ","1,611.600 ","4,446.000 ","3,455.800 ",849.500 ,"113,024.000 ","1,958.700 ","5,094.500 ","1,328.100 ","2,105.200 ","4,481.500 ","8,082.200 ","10,545.800 ","10,784.800 ","11,147.000 ","5,287.100 ","4,880.100 ","5,238.700 ",0.000 ,"597,462.400 ",269.100 ,34.400 ,116.100 ,"31,473.900 ","3,900.700 ","2,570.000 ","43,980.300 ","-49,925.700 "
"TTL_13T15: Textiles, textile products, leather and footwear",,960.800 ,13.900 ,"1,843.200 ","1,245.600 ",157.800 ,"2,755.000 ","497,732.300 ","1,055.900 ","4,935.300 ",277.900 ,"8,429.100 ","5,382.500 ","20,322.400 ","9,793.600 ","3,158.700 ","3,602.200 ","1,520.400 ","3,580.600 ","6,323.700 ","14,433.000 ","1,166.500 ","22,494.200 ",716.600 ,"2,796.500 ","16,241.300 ","2,988.300 ","2,864.900 ",43.400 ,676.300 ,"1,525.300 ",441.300 ,"4,160.300 ","5,217.500 ",944.200 ,53.100 ,"3,455.800 ","2,671.700 ","4,245.400 ","9,406.600 ","23,795.600 ","1,356.500 ","5,920.000 ","2,370.300 ","1,915.100 ",0.000 ,"199,914.300 ",76.500 ,8.000 ,51.800 ,"11,855.500 ","2,054.600 ","1,834.500 ","269,061.000 ","-30,741.100 "
TTL_16: Wood and products of wood and cork,,138.700 ,35.500 ,"6,056.400 ",461.600 ,6.200 ,568.100 ,"1,175.800 ","65,528.800 ","4,313.900 ",55.200 ,"1,147.300 ",34.100 ,"1,073.200 ","3,927.800 ","1,270.800 ","4,998.200 ",729.300 ,"1,451.700 ","4,702.100 ",903.000 ,448.000 ,"28,411.400 ",14.100 ,418.800 ,"69,484.300 ",110.100 ,139.300 ,12.000 ,1.200 ,12.100 ,154.700 ,119.900 ,17.200 ,3.400 ,3.300 ,25.200 ,11.500 ,56.400 ,62.300 ,65.900 ,5.700 ,5.100 ,256.700 ,45.700 ,0.000 ,"4,172.300 ",2.300 ,2.500 ,53.000 ,217.400 ,179.900 ,90.400 ,"11,750.500 ","-7,924.500 "
TTL_17T18: Paper products and printing,,222.400 ,61.700 ,200.500 ,450.200 ,12.500 ,"16,191.800 ","4,303.300 ","1,376.000 ","110,521.900 ",81.800 ,"5,167.200 ","2,911.300 ","2,459.200 ","12,416.300 ",772.800 ,"2,288.900 ","7,086.400 ","7,575.200 ","5,008.700 ","1,322.700 ",303.200 ,"6,603.900 ",790.400 ,543.700 ,"2,598.000 ","24,333.800 ",912.800 ,17.200 ,102.900 ,238.800 ,"2,217.700 ",909.700 ,"9,741.300 ","2,287.800 ","20,104.500 ","11,281.500 ","3,164.100 ","29,550.500 ","20,642.700 ","12,336.900 ","6,447.800 ",493.100 ,446.600 ,"1,260.400 ",0.000 ,"9,907.700 ",21.200 ,17.100 ,"4,258.700 ",663.100 ,462.700 ,251.600 ,"9,671.900 ","-14,246.400 "
TTL_19: Coke and refined petroleum products,,"16,659.400 ","4,647.400 ","12,580.000 ","10,803.600 ",863.300 ,"1,506.000 ","1,246.200 ",747.000 ,874.400 ,"16,512.000 ","87,645.400 ",432.200 ,"3,366.900 ","24,324.400 ","55,471.500 ","3,164.200 ","1,902.000 ","2,168.000 ","4,244.700 ","1,954.000 ",755.100 ,918.900 ,"23,167.800 ","1,778.500 ","28,742.900 ","5,181.000 ","79,382.700 ","10,715.700 ","16,013.900 ","15,056.200 ","1,542.300 ",793.800 ,296.500 ,793.400 ,219.200 ,"1,702.700 ","1,182.600 ","14,633.900 ","11,966.000 ","8,846.100 ","2,363.100 ",456.800 ,823.600 ,938.200 ,0.000 ,"31,861.300 ",38.800 ,16.700 ,62.600 ,"2,319.700 ","1,799.100 ",894.900 ,"15,180.100 ","-43,731.600 "
TTL_20: Chemical and chemical products,,"122,916.100 ",822.400 ,"10,658.500 ","13,141.900 ","1,425.300 ","8,106.500 ","60,073.000 ","12,191.700 ","32,655.900 ","6,680.200 ","415,961.500 ","11,554.300 ","141,330.200 ","54,267.100 ","22,022.600 ","23,715.200 ","28,718.900 ","37,989.800 ","15,937.800 ","9,507.000 ","2,725.900 ","11,720.000 ","1,014.600 ","6,893.000 ","83,678.600 ",493.300 ,"1,279.200 ",110.600 ,262.300 ,"2,699.200 ",199.100 ,"1,907.300 ","2,630.200 ",67.100 ,"3,710.700 ",367.500 ,648.400 ,"21,379.400 ","8,156.600 ","4,912.200 ","7,896.200 ","8,028.500 ","3,345.700 ","8,797.900 ",0.000 ,"25,478.000 ",41.800 ,70.500 ,214.500 ,"1,519.200 ",659.900 ,395.000 ,"87,655.100 ","-116,838.700 "
"TTL_21: Pharmaceuticals, medicinal chemical and botanical products",,"13,602.900 ","1,012.200 ",91.500 ,65.500 ,12.300 ,980.100 ,195.800 ,6.900 ,339.400 ,10.700 ,"3,561.200 ","76,266.500 ",274.900 ,537.000 ,218.100 ,205.300 ,514.200 ,71.100 ,386.900 ,26.900 ,14.400 ,95.600 ,43.800 ,151.200 ,"2,171.600 ",78.900 ,172.300 ,8.200 ,27.600 ,36.500 ,68.300 ,24.800 ,16.200 ,515.300 ,49.000 ,71.400 ,17.100 ,"1,571.900 ",208.600 ,123.500 ,122.900 ,"84,442.900 ",23.200 ,360.100 ,0.000 ,"73,810.700 ",64.600 ,"23,562.800 ",73.200 ,"3,432.300 ",465.500 ,311.800 ,"16,644.200 ","-11,893.700 "
TTL_22: Rubber and plastics products,,"10,818.300 ",182.100 ,"1,394.400 ","2,687.700 ",715.200 ,"15,827.100 ","12,731.300 ","2,009.800 ","10,084.300 ",455.300 ,"33,270.500 ","1,273.700 ","88,725.400 ","13,214.200 ","2,221.400 ","8,331.800 ","31,567.000 ","35,362.400 ","26,191.300 ","30,584.800 ","5,639.700 ","9,726.000 ",257.700 ,"4,931.400 ","38,126.300 ","3,805.200 ","9,267.000 ",21.800 ,52.500 ,600.100 ,402.400 ,"1,016.500 ",74.900 ,638.800 ,134.400 ,53.200 ,577.900 ,"1,693.600 ","2,304.300 ",340.200 ,23.000 ,504.600 ,"1,014.700 ","1,315.600 ",0.000 ,"6,569.600 ",0.200 ,17.900 ,202.600 ,775.300 ,30.600 ,0.000 ,"56,871.500 ","-22,442.000 "
TTL_23: Other non-metallic mineral products,,373.800 ,146.600 ,"1,307.300 ","2,757.000 ",836.400 ,"5,503.300 ",639.600 ,387.100 ,414.300 ,"1,602.800 ","5,661.200 ","2,425.400 ","2,345.300 ","153,120.900 ","23,614.300 ","6,003.700 ","13,445.400 ","20,823.100 ","6,108.900 ","11,366.000 ",803.800 ,"1,905.700 ",511.900 ,"1,141.300 ","499,162.300 ",134.200 ,464.300 ,10.500 ,112.800 ,382.400 ,666.900 ,131.800 ,596.000 ,201.700 ,148.200 ,54.700 ,96.700 ,"1,074.600 ",498.300 ,"2,053.700 ",945.200 ,208.100 ,869.300 ,23.500 ,0.000 ,"8,865.800 ",0.100 ,13.600 ,72.100 ,770.600 ,15.600 ,0.000 ,"45,095.600 ","-9,907.800 "
TTL_24: Basic metals,,91.700 ,9.000 ,"15,058.300 ","2,684.800 ","1,062.000 ",203.900 ,364.100 ,247.000 ,"4,072.000 ",51.600 ,"8,582.000 ",89.800 ,"2,424.400 ","15,950.100 ","433,119.500 ","153,613.100 ","30,419.400 ","175,388.200 ","150,941.400 ","73,716.600 ","17,040.300 ","18,751.500 ",384.500 ,"3,578.000 ","319,122.200 ",132.000 ,"1,632.600 ",107.600 ,54.900 ,460.500 ,107.900 ,5.300 ,33.200 ,23.800 ,17.900 ,29.300 ,10.400 ,465.900 ,113.700 ,18.400 ,61.000 ,12.000 ,60.100 ,107.700 ,0.000 ,"1,071.300 ",0.200 ,17.500 ,334.600 ,852.800 ,76.700 ,0.000 ,"68,636.900 ","-109,344.100 "
TTL_25: Fabricated metal products,,766.600 ,62.800 ,"7,067.100 ","6,858.800 ",655.300 ,"3,626.000 ","1,077.600 ","4,177.600 ","1,571.800 ",160.700 ,"4,738.000 ",646.200 ,"6,106.700 ","23,117.200 ","9,010.300 ","75,702.600 ","16,970.200 ","31,174.000 ","47,082.700 ","16,460.200 ","5,887.200 ","6,711.500 ",297.600 ,"2,025.400 ","118,984.900 ",502.300 ,400.900 ,157.100 ,44.500 ,"2,697.100 ",155.500 ,245.500 ,56.300 ,89.700 ,65.000 ,73.000 ,"1,409.500 ","18,384.300 ","10,028.900 ","1,297.500 ",849.100 ,70.200 ,202.800 ,581.500 ,0.000 ,"7,663.500 ",4.600 ,17.400 ,"44,689.100 ","2,765.300 ",50.100 ,0.000 ,"73,349.100 ","-13,282.400 "
"TTL_26: Computer, electronic and optical equipment",,296.300 ,38.300 ,"4,047.100 ",624.500 ,280.900 ,312.100 ,316.200 ,167.800 ,494.600 ,873.400 ,"2,042.100 ",188.900 ,668.300 ,"1,119.300 ","1,188.700 ","1,612.600 ","487,216.400 ","44,928.300 ","48,527.200 ","17,365.400 ","9,179.100 ","2,362.500 ","16,421.800 ","1,165.400 ","9,443.900 ","10,283.200 ",805.800 ,34.100 ,65.400 ,481.500 ,264.600 ,155.400 ,211.400 ,"22,587.500 ","42,725.000 ",967.800 ,920.000 ,"37,095.900 ","15,885.100 ","3,078.100 ","4,364.000 ",342.500 ,480.000 ,"2,627.300 ",0.000 ,"69,261.300 ",16.700 ,149.700 ,"96,959.300 ","7,721.500 ",715.400 ,589.500 ,"438,956.600 ","-260,576.400 "
TTL_27: Electrical equipment,,257.000 ,33.800 ,"2,225.700 ","2,229.100 ",119.900 ,547.100 ,513.400 ,175.400 ,349.000 ,366.900 ,"2,002.600 ",78.400 ,739.700 ,"1,881.400 ","1,778.700 ","2,435.600 ","47,027.000 ","117,125.300 ","54,337.500 ","14,415.100 ","15,732.700 ","2,493.400 ","29,718.700 ","4,719.500 ","96,343.800 ","19,815.600 ",726.300 ,170.000 ,109.500 ,207.400 ,91.000 ,106.900 ,512.400 ,"30,329.000 ","4,611.200 ",87.700 ,920.600 ,"23,135.400 ","15,506.400 ","1,613.800 ",26.300 ,494.500 ,"1,004.000 ",860.500 ,0.000 ,"60,902.000 ",1.400 ,35.400 ,"116,900.900 ","8,287.800 ",315.900 ,203.700 ,"170,350.400 ","-38,021.900 "
"TTL_28: Machinery and equipment, nec",,"9,183.400 ","2,100.900 ","20,938.800 ","16,602.900 ","1,885.900 ","3,491.300 ","5,575.000 ","2,325.200 ","3,670.700 ","2,373.000 ","11,731.200 ","1,497.800 ","3,048.600 ","24,516.100 ","30,384.100 ","23,922.600 ","14,244.700 ","33,521.300 ","237,022.100 ","44,173.300 ","15,624.300 ","3,202.900 ","3,070.600 ","1,702.600 ","26,729.300 ",581.200 ,"1,382.900 ","1,712.000 ","3,983.600 ","5,248.200 ",424.900 ,152.900 ,40.700 ,201.800 ,74.300 ,816.300 ,453.900 ,655.800 ,526.200 ,251.200 ,439.700 ,"6,696.600 ",62.500 ,77.900 ,0.000 ,"3,180.000 ",6.200 ,58.300 ,"468,221.200 ","23,385.300 ",42.600 ,0.000 ,"134,708.200 ","-100,528.700 "
"TTL_29: Motor vehicles, trailers and semi-trailers",,"1,457.100 ",247.700 ,588.600 ,"2,407.300 ",153.600 ,213.700 ,114.700 ,26.600 ,103.400 ,111.200 ,332.900 ,27.700 ,114.600 ,"5,652.800 ",728.800 ,"1,128.300 ","1,095.000 ",438.200 ,"25,914.300 ","429,712.900 ",941.700 ,443.800 ,112.900 ,"1,582.800 ","2,369.200 ","6,673.600 ","85,620.800 ",19.800 ,72.600 ,590.900 ,"2,003.700 ",515.200 ,132.600 ,977.500 ,"4,049.500 ",605.200 ,168.800 ,"22,307.300 ","26,862.500 ","12,099.600 ",10.300 ,316.800 ,"1,998.600 ","1,608.300 ",0.000 ,"125,251.300 ",1.700 ,63.600 ,"331,119.100 ","25,184.700 ",410.700 ,237.400 ,"39,215.800 ","-67,554.100 "
TTL_30: Other transport equipment,,162.000 ,368.200 ,57.600 ,58.800 ,3.100 ,14.900 ,14.500 ,5.800 ,8.600 ,24.600 ,41.900 ,5.000 ,18.100 ,39.400 ,74.500 ,72.600 ,242.700 ,173.300 ,"1,601.700 ",649.700 ,"33,013.700 ","1,356.700 ",30.300 ,119.300 ,826.400 ,91.700 ,"5,645.000 ","1,712.400 ","4,412.700 ",352.900 ,"3,546.700 ",4.900 ,157.800 ,86.500 ,194.300 ,100.400 ,7.800 ,176.900 ,"2,882.000 ",319.200 ,3.800 ,28.800 ,49.100 ,237.900 ,0.000 ,"18,092.500 ",6.800 ,31.300 ,"74,972.800 ","5,034.800 ",17.100 ,0.000 ,"53,580.700 ","-35,941.000 "
TTL_31T33: Manufacturing nec; repair and installation of machinery and equipment,,554.700 ,59.500 ,929.100 ,701.800 ,105.500 ,801.900 ,"1,413.200 ",389.400 ,655.800 ,218.100 ,"1,305.400 ",370.000 ,455.900 ,"2,036.000 ","1,697.200 ","1,199.300 ","1,680.100 ","1,345.400 ","2,212.100 ","2,614.300 ",474.000 ,"5,019.900 ","2,368.200 ",404.400 ,"5,953.800 ","1,089.300 ","1,712.700 ",19.300 ,219.700 ,655.600 ,258.500 ,251.400 ,403.200 ,725.600 ,564.200 ,"2,998.800 ","1,500.000 ","3,501.600 ","2,812.600 ","2,528.400 ","1,485.700 ",243.900 ,627.400 ,930.400 ,0.000 ,"19,537.200 ",5.200 ,34.200 ,"10,813.200 ","2,107.700 ","1,743.000 ","1,436.900 ","142,189.900 ","-14,534.400 "
"TTL_35: Electricity, gas, steam and air conditioning supply",,"12,424.900 ",881.100 ,"20,263.200 ","18,848.700 ",593.800 ,"8,211.100 ","10,415.100 ","2,987.400 ","6,370.800 ","4,931.200 ","53,061.200 ","3,920.400 ","9,864.400 ","38,326.900 ","64,599.700 ","23,255.000 ","7,799.100 ","8,014.700 ","16,170.000 ","6,761.600 ","1,507.400 ","2,820.500 ","225,978.000 ","8,055.300 ","30,851.500 ","15,047.300 ","18,210.500 ",256.700 ,364.300 ,957.900 ,335.000 ,"3,071.600 ",491.100 ,"5,689.600 ",804.100 ,"2,251.900 ","5,028.800 ","2,379.400 ","1,644.100 ","4,300.500 ","2,314.000 ","1,407.800 ","2,149.700 ","2,679.400 ",0.000 ,"64,846.000 ",26.500 ,"102,158.600 ",79.400 ,30.500 ,18.500 ,0.000 ,"1,376.400 ","-2,290.500 "
"TTL_36T39: Water supply; sewerage, waste management and remediation activities",,"1,735.600 ",175.900 ,391.700 ,716.800 ,26.800 ,"1,128.800 ",835.000 ,116.100 ,"7,368.400 ",116.200 ,"3,132.100 ",169.800 ,948.200 ,"3,072.300 ","36,889.100 ","4,297.000 ",515.500 ,438.700 ,"1,421.700 ",505.600 ,151.800 ,199.400 ,"2,767.600 ","9,710.300 ","1,939.200 ",727.800 ,338.800 ,24.400 ,47.400 ,67.100 ,33.200 ,527.000 ,34.300 ,161.100 ,25.000 ,279.900 ,491.000 ,614.700 ,576.500 ,407.500 ,458.500 ,239.800 ,258.300 ,377.500 ,0.000 ,"12,086.900 ",422.700 ,"11,426.700 ","22,020.800 ",0.100 ,7.800 ,0.000 ,0.000 ,-278.300 
TTL_41T43: Construction,,168.000 ,5.800 ,"1,191.300 ",789.700 ,45.500 ,"1,486.600 ",911.200 ,247.200 ,627.000 ,420.500 ,"1,595.700 ",203.100 ,433.800 ,"1,800.900 ","1,598.800 ","1,363.800 ","2,049.000 ","1,059.100 ","1,858.300 ","1,043.700 ",432.700 ,466.100 ,"3,168.500 ","1,564.800 ","80,422.900 ","4,425.900 ","6,205.800 ",5.300 ,258.100 ,939.100 ,931.400 ,"1,251.200 ",886.500 ,"2,893.600 ",138.100 ,"3,994.800 ","20,897.000 ","1,926.700 ","1,205.600 ","7,145.300 ","2,067.000 ","1,078.300 ","1,432.900 ","1,036.800 ",0.000 ,"31,949.600 ",85.300 ,59.100 ,"2,321,478.000 ",0.200 ,62.500 ,0.000 ,0.000 ,"-1,001.800 "
TTL_45T47: Wholesale and retail trade; repair of motor vehicles,,"49,854.100 ","5,610.800 ","8,743.900 ","6,599.500 ",642.900 ,"86,707.300 ","86,653.900 ","8,725.700 ","15,269.900 ","12,397.300 ","58,647.300 ","15,678.000 ","23,937.300 ","30,730.400 ","37,801.700 ","18,304.100 ","67,942.500 ","35,502.100 ","46,343.600 ","82,719.800 ","7,720.800 ","11,225.900 ","15,293.100 ","3,648.900 ","88,725.600 ","14,919.900 ","23,304.600 ","1,419.400 ","2,682.100 ","3,897.900 ","1,534.100 ","19,617.200 ","2,952.000 ","6,829.900 ","8,383.200 ","3,485.700 ","2,740.300 ","19,566.200 ","16,083.900 ","12,355.100 ","4,318.700 ","13,303.500 ","2,922.800 ","3,248.600 ",0.000 ,"196,805.500 ",79.800 ,"52,682.500 ","114,420.100 ","-2,698.700 ","4,860.900 ","1,060.700 ","131,269.500 ","-151,837.400 "
TTL_49: Land transport and transport via pipelines,,"21,176.300 ","2,678.500 ","8,871.100 ","6,677.700 ",347.400 ,"38,941.900 ","23,133.500 ","5,750.200 ","9,010.000 ","9,348.700 ","31,179.700 ","5,652.300 ","10,500.200 ","29,319.000 ","41,134.800 ","13,734.200 ","22,177.500 ","18,974.000 ","26,271.300 ","11,744.200 ","3,482.000 ","5,074.900 ","14,880.400 ","3,060.500 ","79,714.900 ","15,146.700 ","19,558.300 ",550.400 ,"1,079.900 ","5,737.900 ","1,399.500 ","7,152.600 ","1,687.700 ","2,485.700 ","2,858.600 ","2,537.100 ","1,649.800 ","7,734.100 ","6,683.100 ","8,550.500 ","3,092.800 ","3,353.300 ","1,497.200 ","1,557.400 ",0.000 ,"64,570.200 ",37.900 ,"20,769.900 ","31,483.900 ",11.000 ,"9,319.200 ","6,115.000 ","41,895.400 ","-54,552.600 "
TTL_50: Water transport,,"1,861.900 ",244.700 ,833.400 ,749.500 ,22.100 ,"2,780.900 ","1,865.600 ",403.400 ,689.500 ,830.900 ,"2,770.600 ",393.500 ,910.700 ,"2,473.800 ","3,555.700 ","1,209.600 ","2,091.300 ","1,607.100 ","2,346.000 ",999.400 ,293.700 ,420.300 ,"2,215.100 ",262.400 ,"5,232.900 ","1,728.100 ",813.100 ,"1,722.500 ",92.800 ,"1,753.800 ",50.700 ,497.600 ,87.800 ,171.500 ,206.600 ,88.700 ,91.900 ,799.100 ,749.700 ,271.100 ,146.100 ,226.900 ,146.100 ,129.700 ,0.000 ,"4,828.900 ",1.700 ,"1,389.900 ","2,782.900 ","5,719.000 ","2,089.600 ",685.300 ,"29,171.000 ","-38,149.300 "
TTL_51: Air transport,,"1,379.200 ",135.100 ,509.900 ,376.600 ,23.600 ,"2,057.600 ","1,551.300 ",323.800 ,585.600 ,462.100 ,"1,966.100 ",929.900 ,822.600 ,"1,667.800 ","2,018.300 ","1,113.100 ","3,775.300 ","1,619.400 ","2,848.300 ","1,365.100 ",256.400 ,432.900 ,"1,006.100 ",460.600 ,"5,565.600 ","3,860.000 ",859.500 ,44.400 ,"10,438.600 ","2,290.200 ","2,652.800 ",423.500 ,"1,333.600 ",593.200 ,"1,504.400 ","2,080.800 ","1,658.000 ","3,675.800 ","2,270.700 ","10,716.200 ","4,026.600 ",376.300 ,386.700 ,395.600 ,0.000 ,"6,408.600 ",4.200 ,"1,521.300 ","1,548.000 ",805.000 ,"5,486.600 ","2,534.400 ","15,971.600 ","-32,815.900 "
TTL_52: Warehousing and support activities for transportation,,"4,502.000 ",549.800 ,"1,662.800 ","1,164.200 ",59.800 ,"7,623.100 ","5,023.000 ","1,126.200 ","1,742.800 ","1,853.200 ","6,321.900 ","1,053.800 ","2,352.200 ","5,502.100 ","8,340.900 ","2,735.200 ","5,157.900 ","4,007.500 ","5,107.300 ","3,138.600 ",734.900 ,"1,097.000 ","3,147.100 ",535.100 ,"12,189.000 ","4,647.800 ","13,982.900 ","2,426.600 ",612.500 ,"1,834.700 ",666.500 ,"1,280.200 ",335.900 ,593.400 ,637.000 ,256.600 ,242.600 ,"2,035.500 ","1,617.500 ",652.500 ,328.200 ,606.800 ,250.400 ,363.400 ,0.000 ,"10,875.000 ",12.800 ,781.100 ,"6,329.800 ",182.600 ,306.900 ,48.900 ,"12,565.700 ","-18,513.200 "
TTL_53: Postal and courier activities,,"1,465.100 ",196.700 ,625.700 ,260.300 ,7.300 ,"1,288.300 ",430.200 ,163.800 ,416.300 ,103.500 ,"1,206.700 ",557.000 ,367.900 ,"1,018.600 ","1,051.000 ",753.600 ,825.300 ,"1,193.000 ","1,576.400 ",806.100 ,68.900 ,285.700 ,106.300 ,370.900 ,"2,364.300 ","7,686.700 ",694.400 ,17.800 ,81.600 ,318.200 ,"7,291.400 ",613.100 ,383.100 ,"1,370.000 ","1,089.500 ","7,321.800 ",825.100 ,"1,822.400 ","1,088.000 ","12,500.200 ","1,877.700 ",215.900 ,240.600 ,729.000 ,0.000 ,"7,143.200 ",9.300 ,30.200 ,779.000 ,0.300 ,177.800 ,58.300 ,5.200 ,-329.200 
TTL_55T56: Accommodation and food service activities,,"1,558.800 ",108.500 ,"1,599.700 ","1,904.600 ",84.300 ,"4,952.800 ","2,208.000 ",645.800 ,"1,670.700 ",278.900 ,"4,625.300 ","3,030.400 ","1,680.100 ","5,331.500 ","2,804.600 ","3,643.900 ","4,228.400 ","4,378.700 ","8,150.800 ","2,508.200 ",598.100 ,953.000 ,"1,676.100 ","2,149.200 ","15,515.400 ","9,667.600 ","11,529.300 ",112.200 ,"1,418.600 ","1,255.800 ",979.200 ,610.400 ,"3,742.500 ","2,388.600 ","2,289.200 ","20,898.500 ","4,309.500 ","17,707.400 ","13,177.800 ","22,994.600 ","7,914.400 ","1,266.200 ","1,002.800 ","1,880.700 ",0.000 ,"168,221.800 ",306.500 ,24.400 ,22.300 ,0.100 ,"36,335.200 ","9,353.000 ",0.000 ,"-36,585.100 "
"TTL_58T60: Publishing, audiovisual and broadcasting activities",,28.500 ,1.200 ,232.600 ,246.300 ,6.700 ,458.300 ,469.600 ,104.000 ,221.700 ,45.900 ,498.200 ,286.000 ,361.500 ,804.000 ,647.200 ,420.500 ,668.900 ,602.300 ,"1,090.100 ",233.800 ,50.600 ,129.700 ,872.000 ,272.700 ,"1,459.700 ",637.100 ,653.000 ,21.300 ,145.800 ,95.500 ,184.800 ,306.200 ,"1,770.800 ","1,420.800 ",118.300 ,867.300 ,764.000 ,589.200 ,253.700 ,"3,881.100 ","1,283.800 ",271.000 ,267.100 ,260.000 ,0.000 ,"19,898.800 ",237.300 ,"15,435.700 ","5,142.000 ",212.900 ,628.100 ,275.600 ,"11,569.000 ","-13,943.500 "
TTL_61: Telecommunications,,"1,196.400 ",120.000 ,329.500 ,469.000 ,13.800 ,801.200 ,641.400 ,164.700 ,375.900 ,46.600 ,879.300 ,377.600 ,312.300 ,"1,081.000 ",556.600 ,814.300 ,"1,400.800 ",870.300 ,"1,807.600 ",447.700 ,88.400 ,225.100 ,"1,329.300 ",752.300 ,"26,707.700 ","3,148.100 ","2,408.200 ","1,318.500 ",367.900 ,614.300 ,"1,432.800 ","1,049.200 ",845.500 ,"36,812.900 ","20,643.700 ","8,504.000 ","2,779.300 ","1,929.000 ","1,015.300 ","12,900.000 ","4,537.200 ","2,126.000 ",353.400 ,493.700 ,0.000 ,"76,324.700 ",36.100 ,42.300 ,128.100 ,140.400 ,"2,519.200 ","1,087.800 ","5,572.300 ","-3,558.700 "
TTL_62T63: IT and other information services,,263.200 ,1.200 ,367.200 ,671.900 ,74.400 ,611.900 ,"1,174.100 ",212.500 ,404.600 ,100.200 ,641.600 ,128.300 ,448.500 ,"1,474.100 ",994.900 ,948.000 ,"8,148.300 ",768.000 ,"2,142.800 ",304.000 ,78.300 ,331.800 ,"2,070.400 ",733.500 ,"6,947.800 ","3,348.700 ",853.000 ,266.000 ,877.800 ,476.600 ,903.900 ,260.600 ,841.000 ,"6,809.400 ","30,878.000 ","7,934.400 ",949.800 ,"1,851.500 ","1,194.700 ","3,173.100 ","1,042.400 ",402.000 ,759.400 ,342.100 ,0.000 ,"9,151.900 ",62.200 ,81.500 ,"227,314.800 ",464.600 ,77.200 ,13.600 ,"19,688.900 ","-16,386.000 "
TTL_64T66: Financial and insurance activities,,"13,922.400 ","2,567.400 ","14,256.400 ","7,304.300 ",378.200 ,"10,858.000 ","7,577.100 ","2,428.200 ","6,630.100 ","2,825.400 ","18,904.000 ","3,589.700 ","5,244.400 ","16,959.600 ","37,434.600 ","9,928.300 ","21,127.700 ","11,304.400 ","18,247.300 ","7,874.500 ","2,764.600 ","2,516.200 ","31,275.900 ","6,579.200 ","66,080.700 ","53,659.000 ","52,648.400 ","3,673.200 ","3,302.600 ","7,150.700 ",585.900 ,"3,436.500 ","1,130.800 ","10,526.600 ","11,207.900 ","43,804.300 ","69,563.700 ","26,740.000 ","18,373.400 ","13,501.100 ","10,978.100 ","2,309.900 ","3,695.200 ","1,868.200 ",0.000 ,"171,943.100 ",475.200 ,"15,933.100 ",287.000 ,650.900 ,"2,164.800 ",933.700 ,"6,867.900 ","-36,472.200 "
TTL_68: Real estate activities,,24.000 ,0.300 ,117.100 ,53.100 ,9.600 ,290.700 ,407.000 ,83.500 ,251.100 ,48.400 ,222.800 ,39.500 ,407.000 ,561.900 ,285.200 ,471.800 ,887.500 ,509.400 ,840.400 ,257.300 ,80.000 ,243.800 ,146.400 ,415.100 ,241.700 ,"75,468.900 ",868.500 ,13.700 ,413.400 ,"1,171.700 ",827.200 ,"2,985.300 ",588.500 ,"5,842.800 ","7,848.100 ","27,823.000 ","26,687.900 ","4,597.900 ","3,550.500 ","5,255.600 ","3,215.000 ","1,210.200 ",707.200 ,"7,962.800 ",0.000 ,"416,891.600 ",556.000 ,14.600 ,"127,544.900 ",75.200 ,"4,099.900 ","3,010.800 ","2,436.300 ","-7,612.200 "
"TTL_69T75: Professional, scientific and technical activities",,"5,230.600 ",221.400 ,"6,427.500 ","4,325.100 ",216.400 ,"8,382.200 ","3,362.200 ","1,092.900 ","3,251.600 ","1,187.400 ","12,896.300 ","7,715.900 ","4,954.600 ","7,821.200 ","7,995.300 ","5,726.900 ","16,946.500 ","10,970.900 ","17,774.300 ","12,960.100 ","1,537.400 ","2,119.900 ","2,950.900 ","1,055.800 ","44,959.300 ","77,832.000 ","2,263.200 ",593.700 ,388.800 ,"1,301.100 ","1,163.600 ","1,302.500 ",946.000 ,"7,749.700 ","10,948.200 ","21,829.700 ","22,159.900 ","26,389.300 ","4,908.600 ","1,366.800 ","2,218.000 ",272.400 ,715.700 ,"1,178.900 ",0.000 ,"2,537.600 ",440.200 ,"104,906.800 ","19,389.200 ",939.400 ,"1,027.300 ",466.300 ,"28,854.400 ","-24,848.800 "
TTL_77T82: Administrative and support services,,763.500 ,89.300 ,"7,387.000 ","5,030.600 ",129.800 ,"10,833.300 ","6,157.500 ","1,180.100 ","3,100.600 ","1,605.500 ","8,346.100 ","6,536.500 ","3,983.700 ","9,329.300 ","7,814.600 ","6,642.000 ","11,250.500 ","9,718.300 ","14,888.500 ","14,500.200 ","1,486.600 ","3,370.200 ","2,943.100 ","1,616.800 ","14,228.700 ","98,998.500 ","6,749.300 ",953.900 ,"1,151.700 ","3,251.200 ","1,799.600 ","2,617.600 ","1,511.900 ","10,726.600 ","9,618.100 ","29,230.700 ","20,538.900 ","12,605.600 ","16,682.300 ","9,935.600 ","2,191.900 ",409.600 ,"2,029.400 ","2,039.100 ",0.000 ,"25,360.800 ",337.300 ,"25,932.700 ","12,144.900 ",412.800 ,"1,629.200 ",949.200 ,"14,132.400 ","-18,186.700 "
TTL_84: Public administration and defence; compulsory social security,,504.600 ,39.700 ,151.600 ,180.500 ,5.600 ,383.400 ,173.900 ,120.100 ,115.700 ,24.300 ,308.200 ,132.300 ,179.000 ,307.400 ,909.400 ,238.200 ,793.500 ,326.800 ,492.600 ,"1,135.800 ",114.500 ,115.800 ,143.800 ,119.500 ,881.100 ,594.300 ,211.600 ,44.800 ,31.800 ,72.100 ,54.900 ,64.200 ,69.200 ,579.900 ,420.600 ,408.400 ,917.800 ,"2,051.100 ","1,882.400 ","2,390.000 ",394.800 ,105.500 ,74.100 ,180.200 ,0.000 ,"3,333.400 ",503.600 ,"538,202.100 ",157.900 ,0.800 ,298.400 ,0.000 ,0.000 ,"-2,395.600 "
TTL_85: Education,,155.200 ,10.700 ,210.300 ,95.900 ,2.700 ,179.300 ,103.000 ,24.300 ,79.100 ,22.500 ,170.400 ,73.400 ,63.200 ,211.600 ,115.100 ,171.300 ,181.300 ,132.000 ,323.200 ,177.700 ,38.200 ,60.300 ,81.500 ,228.400 ,"1,092.900 ",815.900 ,380.400 ,8.200 ,37.600 ,33.000 ,34.000 ,81.700 ,118.400 ,311.200 ,115.900 ,"1,812.000 ",238.700 ,469.200 ,182.800 ,"3,482.400 ","4,222.000 ",365.900 ,110.900 ,71.200 ,0.000 ,"69,076.600 ","3,636.400 ","294,798.900 ",69.700 ,0.100 ,"22,498.800 ",689.800 ,0.000 ,"-22,951.600 "
TTL_86T88: Human health and social work activities,,115.100 ,2.000 ,113.200 ,96.100 ,0.400 ,65.500 ,97.000 ,28.700 ,67.400 ,192.300 ,105.800 ,38.700 ,22.000 ,215.400 ,254.500 ,216.800 ,197.300 ,208.500 ,460.300 ,153.200 ,46.700 ,20.700 ,201.400 ,31.000 ,576.000 ,356.000 ,205.100 ,10.100 ,4.400 ,26.500 ,1.700 ,18.300 ,22.400 ,10.900 ,13.900 ,134.900 ,5.500 ,36.900 ,19.000 ,"1,402.800 ",119.600 ,888.900 ,19.800 ,35.700 ,0.000 ,"111,845.600 ","5,735.200 ","191,468.300 ",78.200 ,0.000 ,"1,783.400 ",737.500 ,0.000 ,"-2,445.800 "
"TTL_90T93: Arts, entertainment and recreation",,33.600 ,2.400 ,136.000 ,131.000 ,3.100 ,274.700 ,147.000 ,38.300 ,116.900 ,21.400 ,239.500 ,93.800 ,116.800 ,291.100 ,195.900 ,220.800 ,216.600 ,213.900 ,426.300 ,147.300 ,32.500 ,63.100 ,338.100 ,135.000 ,"1,130.500 ",735.300 ,156.400 ,20.200 ,17.700 ,143.400 ,90.100 ,205.700 ,236.900 ,328.400 ,150.300 ,"2,789.100 ",522.800 ,730.600 ,653.200 ,"1,801.200 ",103.300 ,87.100 ,"1,303.200 ",209.400 ,0.000 ,"13,132.800 ","1,849.000 ","76,865.000 ",33.800 ,16.700 ,"4,089.200 ","1,794.900 ","2,825.400 ","-9,004.900 "
TTL_94T96: Other service activities,,990.700 ,106.200 ,"1,132.700 ",386.400 ,14.700 ,"1,124.200 ",724.100 ,137.600 ,518.300 ,302.300 ,"1,092.900 ",236.100 ,400.600 ,"1,049.800 ","1,174.800 ",812.600 ,"1,138.100 ",993.500 ,"1,770.800 ","6,433.800 ",162.000 ,241.900 ,840.400 ,811.300 ,"7,174.500 ","12,346.400 ","3,584.400 ",129.800 ,105.300 ,"1,316.800 ","1,636.800 ",518.400 ,"1,051.400 ",344.200 ,217.500 ,351.700 ,644.900 ,"3,058.900 ","2,657.100 ","3,977.700 ","4,073.400 ","2,214.900 ","1,785.400 ","2,667.500 ",0.000 ,"90,089.900 ","18,394.900 ",409.600 ,"4,298.100 ",-6.200 ,"2,287.700 ",966.200 ,989.200 ,"-2,558.200 "
TTL_97T98: Activities of households as employers; undifferentiated goods- and services-producing activities of households for own use,,0.000 ,0.000 ,0.000 ,0.000 ,0.000 ,0.000 ,0.000 ,0.000 ,0.000 ,0.000 ,0.000 ,0.000 ,0.000 ,0.000 ,0.000 ,0.000 ,0.000 ,0.000 ,0.000 ,0.000 ,0.000 ,0.000 ,0.000 ,0.000 ,0.000 ,0.000 ,0.000 ,0.000 ,0.000 ,0.000 ,0.000 ,0.000 ,0.000 ,0.000 ,0.000 ,0.000 ,0.000 ,0.000 ,0.000 ,0.000 ,0.000 ,0.000 ,0.000 ,0.000 ,0.000 ,0.000 ,0.000 ,0.000 ,0.000 ,0.000 ,0.000 ,0.000 ,0.000 ,0.000 
TXS_IMP_FNL: Taxes less subsidies on intermediate and final products (paid in foreign countries),,-2.000 ,0.000 ,-0.100 ,0.000 ,0.000 ,-0.200 ,0.000 ,-5.000 ,-0.400 ,0.000 ,-0.800 ,0.000 ,-2.500 ,0.000 ,0.000 ,0.000 ,0.000 ,0.000 ,0.000 ,0.000 ,0.000 ,-0.500 ,0.000 ,0.000 ,-1.000 ,0.000 ,0.000 ,0.000 ,0.000 ,0.000 ,0.000 ,0.000 ,0.000 ,0.000 ,0.000 ,0.000 ,0.000 ,0.000 ,0.000 ,0.000 ,0.000 ,0.000 ,0.000 ,0.000 ,0.000 ,0.000 ,0.000 ,0.000 ,0.000 ,0.000 ,"4,282.500 ",0.000 ,0.000 ,"-4,269.700 "
"TXS_INT_FNL: Taxes less subsidies on intermediate and final products (paid in domestic agencies, includes duty on imported products)",,"-5,931.500 ","1,496.100 ","8,751.700 ","6,568.900 ",435.100 ,"6,516.100 ","25,161.000 ","2,492.200 ","4,576.800 ","9,957.300 ","38,687.800 ","1,438.500 ","9,542.700 ","18,101.400 ","31,794.800 ","9,375.300 ","42,128.200 ","17,197.900 ","25,630.000 ","67,358.300 ","3,912.200 ","4,780.900 ","22,565.900 ","3,646.800 ","38,742.100 ","15,419.600 ","30,787.300 ","3,793.600 ","5,150.000 ","2,776.200 ","1,258.300 ","9,221.500 ","2,121.000 ","8,146.700 ","7,077.900 ","7,642.400 ","8,231.400 ","14,752.000 ","13,547.800 ","11,114.300 ","3,691.000 ","5,815.000 ","2,209.500 ","2,461.800 ",0.000 ,"136,765.700 ",352.300 ,"1,915.800 ","160,324.500 ",0.000 ,0.000 ,-789.700 ,0.000 ,0.000 
TTL_INT_FNL: Total intermediate consumption at purchasersâ€™ prices,,"703,796.300 ","76,398.500 ","256,260.000 ","159,048.300 ","11,971.300 ","1,135,860.300 ","912,859.800 ","161,250.900 ","268,400.400 ","374,375.300 ","992,342.800 ","211,506.300 ","372,634.500 ","634,983.400 ","1,179,260.400 ","429,780.300 ","912,428.900 ","651,126.900 ","845,797.800 ","895,700.400 ","136,612.300 ","169,804.400 ","601,754.700 ","85,166.400 ","1,914,429.000 ","507,231.400 ","400,465.200 ","34,437.400 ","60,258.300 ","82,642.900 ","39,621.100 ","228,580.100 ","45,404.900 ","180,683.800 ","196,364.300 ","221,803.100 ","210,844.900 ","349,286.200 ","252,435.100 ","239,289.700 ","105,805.600 ","153,667.500 ","49,731.100 ","60,388.300 ",0.000 ,"3,314,511.000 ","34,245.600 ","1,521,898.000 ","4,259,996.000 ","135,428.400 ","120,123.700 ","39,453.200 ","2,021,435.000 ","-1,879,690.000 "
VALU: Value added at basic prices,,"722,635.300 ","82,273.000 ","236,484.700 ","128,571.600 ","9,750.300 ","359,281.000 ","246,245.700 ","45,755.000 ","80,367.300 ","113,449.900 ","219,452.000 ","83,759.600 ","79,560.900 ","181,022.300 ","212,804.900 ","113,726.300 ","235,620.600 ","165,823.900 ","249,596.700 ","200,883.200 ","38,176.800 ","51,021.700 ","220,787.300 ","44,979.600 ","601,877.500 ","828,402.800 ","256,332.500 ","20,919.300 ","24,044.800 ","50,045.100 ","31,928.100 ","150,529.300 ","18,053.700 ","46,696.100 ","137,310.100 ","607,714.500 ","520,104.800 ","162,037.100 ","196,251.100 ","319,255.800 ","278,907.700 ","162,393.200 ","56,920.900 ","126,935.600 ",0.000 ,0.000 ,0.000 ,0.000 ,0.000 ,0.000 ,0.000 ,0.000 ,0.000 ,0.000 
OUTPUT: Output at basic prices,,"1,426,431.600 ","158,671.500 ","492,744.800 ","287,619.900 ","21,721.600 ","1,495,141.300 ","1,159,105.500 ","207,005.900 ","348,767.600 ","487,825.200 ","1,211,794.800 ","295,265.900 ","452,195.300 ","816,005.700 ","1,392,065.300 ","543,506.600 ","1,148,049.500 ","816,950.900 ","1,095,394.500 ","1,096,583.600 ","174,789.100 ","220,826.100 ","822,542.100 ","130,145.900 ","2,516,306.000 ","1,335,634.000 ","656,797.600 ","55,356.700 ","84,303.100 ","132,688.000 ","71,549.200 ","379,109.400 ","63,458.700 ","227,379.900 ","333,674.500 ","829,517.600 ","730,949.700 ","511,323.200 ","448,686.300 ","558,545.500 ","384,713.300 ","316,060.700 ","106,651.900 ","187,323.900 ",0.000 ,0.000 ,0.000 ,0.000 ,0.000 ,0.000 ,0.000 ,0.000 ,0.000 ,0.000 
Data extracted on 02 Oct 2023 08:48 UTC (GMT) from OECD.Stat,,,,,,,,,,,,,,,,,,,,,,,,,,,,,,,,,,,,,,,,,,,,,,,,,,,,,,,
